Time [s],Lmtc [m],STIM [ ],Fsee [N],Gamma [ ],Lcerel [ ],q [ ],fisomrel [ ],fce [N]
0.0,0.022309415649724246,1.0,2.7713193618710505,0.09455905388826359,1.4340142760629808,0.3330142513077864,0.24652643269410668,2.0342827781551875
0.0005,0.022254415649724246,1.0,1.5366423218704641,0.10538932690139001,1.433597743559497,0.4128213831129506,0.24797198712045043,0.8013835935753508
0.001,0.022199415649724247,1.0,1.126901920892343,0.11609005550586349,1.431025467558308,0.4860151497960664,0.25686818526456767,0.40257468652698647
0.0015,0.022144415649724247,1.0,1.0116140957145177,0.12666278922221846,1.4273861142185593,0.5512686419098959,0.2693644374926423,0.30261329015159133
0.002,0.022089415649724244,1.0,0.9837994470201901,0.13710905903987045,1.4233816562789803,0.608494765230277,0.28299189250586965,0.2914732616794068
0.0025,0.022034415649724245,1.0,0.9836991039410238,0.14743037763139122,1.419256146261015,0.6580336078873619,0.29689713528944983,0.3083440924761397
0.003,0.021979415649724245,1.0,0.9932674463803215,0.1576282396018109,1.415088207018095,0.7005337673142078,0.3108071215780124,0.3348442918600857
0.0035,0.021924415649724246,1.0,1.0063123282599884,0.167704121645107,1.4109053364774495,0.736805943090484,0.3246272178174159,0.3646655784221986
0.004,0.021869415649724246,1.0,1.020438330426378,0.1776594824227506,1.4067181631519377,0.7676949623122986,0.3383213430492553,0.3953684128087548
0.0045000000000000005,0.021814415649724247,1.0,1.0346144587284305,0.18749576476628818,1.402531197123952,0.7940005816154044,0.35187454136783236,0.42590362748175903
0.005,0.021759415649724247,1.0,1.0484321383876296,0.19721439139151398,1.3983461748689705,0.8164386958314163,0.36528129986903823,0.45585603014198495
0.0055,0.021704415649724244,1.0,1.061692884357522,0.20681676939597357,1.3941638984629796,0.8356292159563111,0.37853928459386355,0.48502440770971056
0.006,0.021649415649724245,1.0,1.0743304847639945,0.2163042941336319,1.3899845953017613,0.8520978149042321,0.3916480617092858,0.5133421273316638
0.006500000000000001,0.021594415649724245,1.0,1.0863535405922788,0.2256783316436574,1.3858081770566943,0.8662846688944115,0.40460820206476156,0.540818575811307
0.007,0.021539415649724246,1.0,1.0977762615149191,0.23494022927751718,1.3816345367824203,0.8785558193810209,0.41742032133946994,0.5674687975078742
0.0075,0.021484415649724246,1.0,1.1086427861156727,0.24409136502095674,1.3774634483266046,0.8892145485387711,0.4300853807095547,0.5933381690011121
0.008,0.021429415649724247,1.0,1.118995510769721,0.25313304760416167,1.373294699393059,0.8985117573968836,0.44260426962018273,0.6184702289505704
0.0085,0.021374415649724247,1.0,1.1288763761762497,0.2620665697635346,1.3691280853599666,0.9066551765504807,0.454977826393941,0.6429079897062224
0.009000000000000001,0.021319415649724244,1.0,1.138328580512346,0.2708932242354781,1.3649634016055088,0.9138170907428497,0.4672068619541445,0.6666956787170715
0.0095,0.021264415649724245,1.0,1.147390805248628,0.2796142677932854,1.360800466581115,0.9201407143878689,0.4792920932593986,0.6898728867596025
0.01,0.021209415649724245,1.0,1.1561051505396085,0.28823098047097306,1.3566390887781317,0.9257454933840147,0.49123424142201566,0.7124826187670167
0.0105,0.021154415649724246,1.0,1.164518340360832,0.2967447048001448,1.3524790617159512,0.9307314084103091,0.5030340442073706,0.7345725127884197
0.011,0.021099415649724246,1.0,1.1726511497107808,0.3051566240231199,1.3483202870803446,0.9351823349265336,0.5146919104330654,0.7561638680435621
0.0115,0.021044415649724247,1.0,1.1805248229894383,0.3134679213822177,1.3441626665570825,0.9391689768417563,0.5262082357932738,0.7772784328554883
0.012,0.020989415649724247,1.0,1.1881610429235825,0.32167978011975745,1.3400061018319362,0.9427511597735695,0.537583402868204,0.7979383735904707
0.0125,0.020934415649724245,1.0,1.1955819020309515,0.3297933834780585,1.3358504945906764,0.9459796962521998,0.5488177811327921,0.8181662461356178
0.013000000000000001,0.020879415649724245,1.0,1.202809876623471,0.3378099146994401,1.3316957465190744,0.9488979057098716,0.5599117269646158,0.8379849699143449
0.0135,0.020824415649724246,1.0,1.2098678033492833,0.3457305570262215,1.3275417593029009,0.9515428562061424,0.5708655836510422,0.8574178044394561
0.014,0.020769415649724246,1.0,1.216772866940436,0.3535564314001422,1.3233884583246582,0.9539463615086397,0.5816796200896031,0.8764822683039268
0.0145,0.020714415649724247,1.0,1.223539558455062,0.3612887386185843,1.319235780594597,0.9561358747689771,0.5923540655526336,0.8951931379234151
0.015,0.020659415649724247,1.0,1.230179327295394,0.3689286045288419,1.3150836759122344,0.9581351127863851,0.6028891086945362,0.9135620992959692
0.0155,0.020604415649724248,1.0,1.2367003648724522,0.3764770981729107,1.3109321075076754,0.959964640502122,0.6132848980833415,0.9315975331940569
0.016,0.020549415649724245,1.0,1.2431109853037938,0.38393528859278625,1.3067810386110257,0.9616423637454526,0.6235415773949615,0.9493079355299742
0.0165,0.020494415649724245,1.0,1.2494196204115746,0.39130424483046405,1.30263043245239,0.9631839218577988,0.6336592854147175,0.9667019123562601
0.017,0.020439415649724246,1.0,1.2556348150752894,0.3985850359279398,1.2984802522618741,0.964603015937322,0.6436381560387519,0.9837881752206306
0.0175,0.020384415649724246,1.0,1.2617652229398009,0.40577873092720906,1.294330461269583,0.9659116841829455,0.6534783182753381,1.0005755368760236
0.018000000000000002,0.020329415649724247,1.0,1.2678183006734076,0.41288635656538936,1.2901810277497687,0.9671205239079343,0.6631798845363518,1.017071592975296
0.0185,0.020274415649724247,1.0,1.2737998520553722,0.4199089631628529,1.2860319267100544,0.9682389053195801,0.6727429476101363,1.0332822633340468
0.019,0.020219415649724244,1.0,1.2797163737781623,0.42684764167251465,1.2818831307555152,0.9692751380185466,0.6821676023818766,1.0492141612825336
0.0195,0.020164415649724245,1.0,1.2855711742646803,0.43370335391447346,1.277734625042331,0.9702365754454012,0.6914539122103833,1.0648706769199117
0.02,0.020109415649724245,1.0,1.2913676039859352,0.44047706170882833,1.2735863947266812,0.9711297657530222,0.7006019384818263,1.0802552393423297
0.0205,0.020054415649724246,1.0,1.2971090543580024,0.4471697268756782,1.2694384249647461,0.9719605537136846,0.7096117406100675,1.0953713155404035
0.021,0.019999415649724246,1.0,1.3027989566977454,0.45378231123512214,1.2652907009127055,0.9727341681245341,0.7184833760369818,1.110222409355437
0.021500000000000002,0.019944415649724247,1.0,1.3084407812351908,0.46031577660725903,1.261143207726739,0.9734552969854399,0.7272169002327569,1.124812060492256
0.022,0.019889415649724247,1.0,1.3140380361848762,0.46677108481218793,1.2569959305630265,0.9741281523364078,0.7358123666961762,1.1391438435909986
0.0225,0.019834415649724248,1.0,1.319593945476944,0.4731491718538748,1.2528488557984012,0.9747565221609986,0.7442698244857573,1.1532210434817711
0.023,0.019779415649724245,1.0,1.3251105159348573,0.4794509417526659,1.2487019745499823,0.9753438191255139,0.7525893114197597,1.1670457157147864
0.0235,0.019724415649724245,1.0,1.330590757903617,0.4856774097395209,1.2445552742247354,0.9758931448728251,0.7607708713954577,1.1806209246847352
0.024,0.019669415649724246,1.0,1.336036096767485,0.4918294358420958,1.240408748325914,0.976407284885248,0.7688145349134692,1.193948135808038
0.0245,0.019614415649724246,1.0,1.341447974414008,0.4979078800880467,1.2362623903567704,0.976888766409198,0.7767203316116201,1.207028829669904
0.025,0.019559415649724247,1.0,1.3468278489412684,0.5039136025050296,1.2321161938205578,0.9773398862912951,0.784488290265029,1.219864501731717
0.025500000000000002,0.019504415649724247,1.0,1.352177194377463,0.5098474631207006,1.2279701522205289,0.9777627354115452,0.7921184387861956,1.232456662050749
0.026000000000000002,0.019449415649724244,1.0,1.3574975004105372,0.5157103219627158,1.2238242590599364,0.9781592201759031,0.7996108042250819,1.244806835009921
0.0265,0.019394415649724245,1.0,1.3627902721295926,0.5215030390587311,1.2196785078420336,0.9785310814618212,0.8069654127691903,1.256916559059331
0.027,0.019339415649724245,1.0,1.3680570297768326,0.5272264744364027,1.215532892070073,0.9788799113527389,0.814182289743641,1.268787386468318
0.0275,0.019284415649724246,1.0,1.3732986027382201,0.532881404588772,1.2113874078748674,0.9792071579700321,0.8212614551677777,1.2804201733326352
0.028,0.019229415649724246,1.0,1.3785164105841605,0.5384687494437733,1.2072420492288405,0.9795141664949829,0.8282029321257234,1.2918163682995256
0.0285,0.019174415649724247,1.0,1.383711304886291,0.543989307220426,1.2030968122614223,0.979802158174422,0.8350067393969943,1.3029768477312358
0.029,0.019119415649724247,1.0,1.3888839592205515,0.5494438458722612,1.1989516937944331,0.9800722527048026,0.8416728941453044,1.3139023082564598
0.029500000000000002,0.019064415649724248,1.0,1.394035054689826,0.5548331333528099,1.194806690649694,0.9803254810827655,0.8482014131124578,1.3245934533782613
0.03,0.019009415649724245,1.0,1.3991652798270386,0.5601579376156034,1.1906617996490252,0.9805627937513338,0.8545923126183799,1.335050993377219
0.0305,0.018954415649724245,1.0,1.4042753304996447,0.5654190266141725,1.1865170176142474,0.9807850678919778,0.860845608561146,1.3452756452159584
0.031,0.018899415649724246,1.0,1.4093659098178246,0.5706171683020487,1.182372341367181,0.9809931139627531,0.8669613164170097,1.3552681324473945
0.0315,0.018844415649724246,1.0,1.4144377280439944,0.5757531306327626,1.1782277677296469,0.9811876815697874,0.8729394512404282,1.365029185124278
0.032,0.018789415649724247,1.0,1.4194912607180112,0.5808276148869329,1.1740832944088673,0.9813694581031467,0.8787800264310226,1.3745592969907996
0.0325,0.018734415649724247,1.0,1.4245270047465088,0.5858413877743984,1.169938919053213,0.9815390870757854,0.8844830551641021,1.3838589827462684
0.033,0.018679415649724244,1.0,1.4295457405428538,0.5907952790953442,1.1657946382959619,0.981697171504952,0.8900485516492447,1.3929290410802833
0.0335,0.018624415649724245,1.0,1.4345477787708611,0.5956899649929919,1.161650450507756,0.9818442567620641,0.895476527402558,1.4017697986772084
0.034,0.018569415649724245,1.0,1.4395334339054444,0.6005261216105625,1.1575063540592376,0.9819808496183294,0.9007669937238643,1.4103815856979747
0.0345,0.018514415649724246,1.0,1.444503024193241,0.6053044250912777,1.1533623473210493,0.9821074213468459,0.9059199616967114,1.418764735740723
0.035,0.018459415649724246,1.0,1.4494568716141565,0.6100255515783586,1.1492184286638325,0.9822244105382767,0.910935442188387,1.4269195858023673
0.035500000000000004,0.018404415649724247,1.0,1.4543953018428861,0.6146901772150266,1.1450745964582303,0.982332225659862,0.9158134458499265,1.4348464762401338
0.036000000000000004,0.018349415649724247,1.0,1.4593186442119945,0.6192989781445032,1.1409308490748842,0.9824312473841137,0.9205539831161289,1.4425457507346584
0.0365,0.018294415649724248,1.0,1.464227231674797,0.6238526305100096,1.1367871848844369,0.9825218307105625,0.9251570642055635,1.450017756252885
0.037,0.01823941564972425,1.0,1.4691214007698719,0.6283518104547673,1.1326436022575304,0.9826043069013097,0.9296226991205844,1.4572628430125953
0.0375,0.018184415649724246,1.0,1.4740014915853314,0.6327971941219976,1.1285000995648071,0.982678985248841,0.9339508976473386,1.4642813644466952
0.038,0.018129415649724246,1.0,1.4788603486398824,0.6371893144508006,1.124356702080756,0.9827461444993915,0.9381416425903922,1.4710661662684514
0.0385,0.018074415649724247,1.0,1.4837123498120721,0.6415289901022917,1.1202133577891913,0.9828060633471501,0.9421949944361915,1.4776316627164228
0.039,0.018019415649724247,1.0,1.4885556770904147,0.6458168134818717,1.1160700729304613,0.9828589879303986,0.9461109526796695,1.483976041859611
0.0395,0.017964415649724244,1.0,1.4933883096461624,0.6500533741563325,1.1119268544293504,0.9829051481773695,0.9498895170302041,1.4900972900340237
0.04,0.017909415649724245,1.0,1.4982082144114595,0.654239261692466,1.1077837092106417,0.9829447591043102,0.9535306881151833,1.4959933827564602
0.0405,0.017854415649724245,1.0,1.5030133462056523,0.6583750656570642,1.1036406441991191,0.9829780218318627,0.9570344674799663,1.501662284850762
0.041,0.017799415649724246,1.0,1.5078016478752179,0.6624613756169189,1.0994976663195664,0.983005124521035,0.9604008575878409,1.507101950587675
0.0415,0.017744415649724246,1.0,1.512571050445959,0.666498781138822,1.095354782496767,0.9830262432359973,0.963629861819977,1.5123103238369737
0.042,0.017689415649724247,1.0,1.5173194732877615,0.6704878717895655,1.091211999655505,0.9830415427402379,0.9667214844753766,1.5172853382321396
0.0425,0.017634415649724247,1.0,1.5220448242919817,0.6744292371359413,1.0870693247205638,0.9830511772319576,0.96967573077082,1.5220448242919817
0.043000000000000003,0.017579415649724248,1.0,1.526745000061505,0.6783234667447412,1.0829267646167269,0.9830552910240182,0.9724926068408078,1.526745000061505
0.043500000000000004,0.017524415649724245,1.0,1.531424093024164,0.6821710840331151,1.078784304386201,0.9830540124042048,0.9751721335295297,1.531424093024164
0.044,0.01746941564972425,1.0,1.536010113759241,0.6859727063585402,1.0746421969892141,0.9830474879870547,0.9777141697144934,1.536010113759241
0.0445,0.017414415649724246,1.0,1.5404732491760567,0.6897289064561604,1.0705005456435321,0.9830358418361325,0.980118692255857,1.5404732491760567
0.045,0.017359415649724246,1.0,1.544803937605709,0.6934402011685693,1.0663593819320139,0.9830191809036991,0.9823857297184044,1.544803937605709
0.0455,0.017304415649724247,1.0,1.5489925848526023,0.6971071073383612,1.0622187374375183,0.9829976051070046,0.9845153148467246,1.5489925848526023
0.046,0.017249415649724247,1.0,1.5530295683716138,0.70073014180813,1.0580786437429044,0.9829712077449875,0.9865074845639392,1.5530295683716138
0.0465,0.017194415649724244,1.0,1.556905241706611,0.7043098214204696,1.053939132431031,0.9829400758863321,0.9883622799703508,1.556905241706611
0.047,0.017139415649724245,1.0,1.5606099391910262,0.7078466630179738,1.049800235084757,0.9829042907311956,0.9900797463420117,1.5606099391910262
0.0475,0.017084415649724245,1.0,1.5641339809100776,0.7113411834432368,1.0456619832869418,0.9828639279487116,0.9916599331292122,1.5641339809100776
0.048,0.017029415649724246,1.0,1.5674676779260868,0.7147938995388524,1.0415244086204436,0.982819057992198,0.9931028939548897,1.5674676779260868
0.0485,0.016974415649724246,1.0,1.5706013377642896,0.7182053281474146,1.0373875426681218,0.982769746393834,0.9944086866129574,1.5706013377642896
0.049,0.016919415649724247,1.0,1.573512140250042,0.7215758985006536,1.0332514626791642,0.9827160508444958,0.9955773609187846,1.573512140250042
0.0495,0.016864415649724247,1.0,1.5762375231018892,0.7249062102213427,1.0291160363752987,0.9826580218778566,0.9966090257031691,1.5762375231018892
0.05,0.016809415649724248,1.0,1.5787692436842458,0.7281967220017742,1.0249812906822304,0.9825957070330392,0.9975037404633996,1.5787692436842458
0.0505,0.016754415649724245,1.0,1.5810979658136808,0.731447888610228,1.020847256356996,0.9825291499194769,0.9982615676095428,1.5810979658136808
0.051000000000000004,0.016699415649724245,1.0,1.5832143659392142,0.7346601648149843,1.016713964156631,0.9824583904283468,0.9988825736086834,1.5832143659392142
0.051500000000000004,0.016644415649724246,1.0,1.5851091390133976,0.7378340053843232,1.0125814448381718,0.9823834649205657,0.9993668289831361,1.5851091390133976
0.052000000000000005,0.016589415649724246,1.0,1.586773004612603,0.7409698650865245,1.0084497291586545,0.9823044064036293,0.9997144083085815,1.586773004612603
0.0525,0.016534415649724247,1.0,1.588196713305844,0.7440681986898683,1.004318847875115,0.9822212446981277,0.9999253902121265,1.588196713305844
0.053,0.016479415649724247,1.0,1.5893710532716052,0.7471294609626348,1.0001888317445893,0.9821340065947002,0.999999857370289,1.5893710532716052
0.0535,0.016424415649724248,1.0,1.5902868571633184,0.7501541066731039,0.9960597115241139,0.9820427160021381,0.9999378965069072,1.5902868571633184
0.054,0.016369415649724245,1.0,1.5909264556247895,0.7531425886284452,0.9919315475572175,0.9819473962409672,0.9997396003007142,1.5909264556247895
0.0545,0.016314415649724245,1.0,1.5911362155930755,0.7560953304458011,0.9878048706295759,0.9818481026600024,0.9994051152785545,1.5911362155930755
0.055,0.016259415649724246,1.0,1.5907990536639067,0.7590127520249571,0.9836800854423494,0.98174487878725,0.998934641555324,1.5907990536639067
0.0555,0.016204415649724246,1.0,1.5898329827362496,0.7618952783415254,0.9795574762808134,0.9816377573513609,0.998328412895962,1.5898329827362496
0.056,0.016149415649724247,1.0,1.5881720142578153,0.7647433287613363,0.9754372735761244,0.9815267646559064,0.9975866898825034,1.5881720142578153
0.0565,0.016094415649724247,1.0,1.585771301405868,0.7675573107678657,0.9713196364793185,0.9814119187143551,0.9967097469932863,1.585771301405868
0.057,0.016039415649724248,1.0,1.5825866343248647,0.7703376318445888,0.9672047241414313,0.981293235835036,0.9956978795254415,1.5825866343248647
0.0575,0.015984415649724245,1.0,1.5785772162856484,0.7730846977700035,0.9630926864573909,0.9811707298500099,0.9945514008282702,1.5785772162856484
0.058,0.015929415649724245,1.0,1.5737160137538035,0.7757989053526944,0.9589836284063693,0.9810444087266826,0.9932706290451728,1.5737160137538035
0.0585,0.015874415649724246,1.0,1.5679801784763592,0.7784806473994754,0.9548776434159534,0.9809142776561809,0.9918558917452086,1.5679801784763592
0.059000000000000004,0.015819415649724246,0.0,1.5613224673440844,0.7737603705548263,0.9507749133213101,0.9802000898268106,0.9903075633659019,1.5613224673440844
0.059500000000000004,0.015764415649724247,0.0,1.553429154403546,0.7566768782195954,0.9466765570981486,0.9783878808225792,0.988626441748372,1.553429154403546
0.06,0.015709415649724248,0.0,1.5442391145715173,0.7399704941353727,0.9425828227385497,0.9764142790100051,0.9868130710213088,1.5442391145715173
0.0605,0.015654415649724248,0.0,1.5337686380310072,0.723633020718837,0.9384936941926054,0.9742657273378329,0.9848678973837091,1.5337686380310072
0.061,0.015599415649724247,0.0,1.5220339879227924,0.7076563473234162,0.9344091612120182,0.9719276701745098,0.9827913674683559,1.5220339879227924
0.0615,0.015544415649724246,0.0,1.5090521076788497,0.6920323422606114,0.9303292168936064,0.9693844890506177,0.9805839279253674,1.5090521076788497
0.062,0.015489415649724246,0.0,1.4948345597656765,0.6767531638135592,0.9262538793434868,0.9666194978796775,0.97824603875246,1.4948345597656765
0.0625,0.015434415649724247,0.0,1.479386928724058,0.6618113989061457,0.9221831944390821,0.9636149400400094,0.9757781790891772,1.479386928724058
0.063,0.015379415649724247,0.0,1.4627167602349862,0.6471996344622573,0.9181172080578149,0.9603518995136334,0.9731808335350113,1.4627167602349862
0.0635,0.015324415649724248,0.0,1.4448325938144584,0.6329105307171459,0.9140559697925759,0.956810284080348,0.9704544946868214,1.4448325938144584
0.064,0.015269415649724246,0.0,1.4257426516611815,0.6189368291045836,0.9099995380742982,0.9529688110243557,0.9675996674126413,1.4257426516611815
0.0645,0.015214415649724245,0.0,1.4054528526413885,0.6052715284101515,0.9059479880272762,0.9488050497051379,0.9646168761755305,1.4054528526413885
0.065,0.015159415649724246,0.0,1.3839667073426827,0.5919080003382136,0.9019014127787612,0.9442954896236556,0.961506668740788,1.3839667073426827
0.0655,0.015104415649724246,0.0,1.3612904292479828,0.5788396165931332,0.8978599054560051,0.939415495497374,0.9582696043461751,1.3612904292479828
0.066,0.015049415649724247,0.0,1.3374324815607412,0.5660598118269119,0.8938235613592876,0.9341393768507262,0.9549062555103002,1.3374324815607412
0.0665,0.014994415649724247,0.0,1.3124024576900788,0.5535620985117895,0.8897924828050097,0.928440475627378,0.9514172126148637,1.3124024576900788
0.067,0.014939415649724246,0.0,1.2862103178205102,0.5413402082210342,0.8857667829196997,0.9222913391703277,0.94780308846194,1.2862103178205102
0.0675,0.014884415649724246,0.0,1.2588666599643301,0.5293882143592132,0.881746585725416,0.9156639528601143,0.9440645200496144,1.2588666599643301
0.068,0.014829415649724245,0.0,1.2303858109691623,0.5177001903308933,0.8777320152442171,0.9085298089603274,0.9402021596150385,1.2303858109691623
0.0685,0.014774415649724246,0.0,1.2007859954756537,0.5062702634796213,0.8737231955472572,0.9008601532442814,0.936216674628815,1.2007859954756537
0.069,0.014719415649724246,0.0,1.170087935123204,0.49509263553845195,0.8697202571553004,0.8926262710282459,0.9321087544172758,1.170087935123204
0.0695,0.014664415649724247,0.0,1.1383157687902195,0.4841616940735231,0.8657233344972693,0.88379988457074,0.9278791084058712,1.1383157687902195
0.07,0.014609415649724247,0.0,1.105498623851015,0.47347213990456966,0.8617325605242869,0.8743536513693355,0.9235284607233201,1.105498623851015
0.07050000000000001,0.014554415649724246,0.0,1.071670452868226,0.46301867385132633,0.8577480681874764,0.8642614164420778,0.9190575515824205,1.071670452868226
0.07100000000000001,0.014499415649724245,0.0,1.0368716420749786,0.45279607507129277,0.8537699844762943,0.8534987342743814,0.9144671302397471,1.0368716420749786
0.07150000000000001,0.014444415649724245,0.0,1.001145568777039,0.4427991475538823,0.8497984458689647,0.8420433517989553,0.9097579725464867,1.001145568777039
0.07200000000000001,0.014389415649724246,0.0,0.964540869457627,0.4330227529755808,0.8458335901077169,0.8298757836555307,0.9049308722436982,0.964540869457627
0.0725,0.014334415649724248,0.0,0.9271205625728891,0.4234622158572212,0.8418755160631225,0.8169803305992952,0.8999865903187847,0.9271205625728891
0.073,0.014279415649724247,0.0,0.888952999967855,0.4141128607196356,0.8379243226057529,0.8033453257850156,0.8949258991887837,0.888952999967855
0.0735,0.014224415649724247,0.0,0.850112044291596,0.40497001208365674,0.8339801086061799,0.7889637376392324,0.8897495826463366,0.850112044291596
0.074,0.014169415649724248,0.0,0.8106798321648052,0.39602905942482547,0.8300429604179422,0.7738338397755073,0.8844584187860114,0.8106798321648052
0.0745,0.014114415649724247,0.0,0.7707446362976422,0.38728547908180583,0.8261129618079572,0.7579598364774337,0.8790531917951963,0.7707446362976422
0.075,0.014059415649724247,0.0,0.7304011882701277,0.3787347787314201,0.8221901927795646,0.7413523172516584,0.8735346898249264,0.7304011882701277
0.0755,0.014004415649724248,0.0,0.6897661141635482,0.3703728708050467,0.8182746487711525,0.7240292705181738,0.8679035868830081,0.6897661141635482
0.076,0.013949415649724246,0.0,0.6489600546074858,0.3621956677340642,0.8143663252211092,0.7060159463622482,0.86216055515234,0.6489600546074858
0.0765,0.013894415649724247,0.0,0.6081076561253601,0.35419908194985095,0.810465217567823,0.687345060971392,0.8563062649935493,0.6081076561253601
0.077,0.013839415649724247,0.0,0.5673386896430699,0.3463790771735548,0.8065713147208714,0.6680569506924142,0.8503413748447513,0.5673386896430699
0.0775,0.013784415649724246,0.0,0.5267924943292223,0.3387317059832402,0.8026845710636491,0.6481995409877376,0.8442664860146554,0.5267924943292223
0.078,0.013729415649724247,0.0,0.4866151703631535,0.331253032185056,0.7988049168924434,0.6278279359210921,0.8380821541333735,0.4866151703631535
0.0785,0.013674415649724247,0.0,0.4469613478178748,0.32393948055969746,0.7949322410846688,0.607004752386303,0.8317888570137744,0.4469613478178748
0.079,0.013619415649724246,0.0,0.40798657818409495,0.3167874758878598,0.7910664325177398,0.5857987940825147,0.8253870575165433,0.40798657818409495
0.0795,0.013564415649724246,0.0,0.3698471322947352,0.3097934429502385,0.787207380069071,0.5642842076287643,0.8188772036117248,0.3698471322947352
0.08,0.013509415649724247,0.0,0.33268953070634083,0.3029538546568524,0.7833550503035545,0.5425396895372506,0.8122598630840983,0.33268953070634083
0.0805,0.013454415649724246,0.0,0.29668196195791996,0.29626525159394196,0.7795092571487698,0.5206471724970956,0.8055353292676508,0.29668196195791996
0.081,0.013399415649724246,0.0,0.2620044276859366,0.28972419848219055,0.7756696964075575,0.49869052407117803,0.7987036595604902,0.2620044276859366
0.0815,0.013344415649724247,0.0,0.2287675981395891,0.28332756724542923,0.7718366416127723,0.4767558068270556,0.791765927557846,0.2287675981395891
0.082,0.013289415649724247,0.0,0.19709380570942717,0.2770722298074892,0.7680103662972698,0.4549285134263462,0.7847232394178923,0.19709380570942717
0.0825,0.013234415649724246,0.0,0.16711752221973591,0.27095505809220166,0.764191143993905,0.4332922231782908,0.777576733716387,0.16711752221973591
0.083,0.013179415649724247,0.0,0.13898401046567893,0.2649729283042771,0.7603792698318176,0.4119273617567211,0.7703276226946685,0.13898401046567893
0.0835,0.013124415649724247,0.0,0.11280903923017442,0.2591228499627531,0.7565756023386075,0.39091097072162156,0.7629782504927531,0.11280903923017442
0.084,0.013069415649724246,0.0,0.08868733989341725,0.25340193977998515,0.7527818066449475,0.3703157920785704,0.7555326594970556,0.08868733989341725
0.0845,0.013014415649724246,0.0,0.06676374158797424,0.24780733146182013,0.7489997995380747,0.35020846406092754,0.7479955974722933,0.06676374158797424
0.085,0.012959415649724247,0.0,0.04716950924784924,0.2423362526786878,0.7452333589831694,0.3306505278942248,0.7403758345000055,0.04716950924784924
0.0855,0.012904415649724246,0.0,0.030156808867682888,0.23698596774583783,0.7414872221421719,0.311696603866497,0.7326845747369168,0.030156808867682888
0.08600000000000001,0.012849415649724246,0.0,0.016119510400954166,0.2317538106464547,0.7377687131169887,0.29339542901734356,0.7249390087187193,0.016119510400954166
0.08650000000000001,0.012794415649724247,0.0,0.005757868986371477,0.22663717290414098,0.7340884879701238,0.2757898595726737,0.7171642710799401,0.005757868986371477
0.08700000000000001,0.012739415649724245,0.0,0.00034576459799317064,0.22163350598782897,0.730462395892332,0.2589178460106196,0.7093979198875922,0.00034576459799317064
0.08750000000000001,0.012684415649724246,0.0,0.0,0.216740313291567,0.7269124547218236,0.2428124419068534,0.7016927704557598,0.0
0.088,0.012629415649724248,0.0,0.0,0.21195515688965333,0.7234562076860493,0.2274930038477815,0.6940941237304741,0.0
0.0885,0.012574415649724247,0.0,0.0,0.2072756588995236,0.7201073769957064,0.2129670355299776,0.6866404783511054,0.0
0.089,0.012519415649724247,0.0,0.0,0.20269946273722647,0.7168810809057234,0.19923509709543824,0.6793747106035539,0.0
0.0895,0.012464415649724248,0.0,0.0,0.1982243082933717,0.7137912248661921,0.18628989124139939,0.6723381481456214,0.0
0.09,0.012409415649724247,0.0,0.0,0.19384796923512448,0.7108509396512988,0.1741174847011507,0.6655712835978524,0.0
0.0905,0.012354415649724247,0.0,0.0,0.18956824903052968,0.7080719397182947,0.16269797766320296,0.6591120304806443,0.0
0.091,0.012299415649724248,0.0,0.0,0.18538302144812524,0.7054617107936281,0.15200517742393832,0.6529887847655345,0.0
0.0915,0.012244415649724246,0.0,0.0,0.18129019733326862,0.7030245472540763,0.14200855846006596,0.6472223218654145,0.0
0.092,0.012189415649724247,0.0,0.0,0.1772877392892477,0.7007602996649329,0.1326738860162655,0.641822406973517,0.0
0.0925,0.012134415649724247,0.0,0.0,0.1733736501816575,0.6986655239271811,0.12396496162727574,0.6367901341196789,0.0
0.093,0.012079415649724246,0.0,0.0,0.16954598122089598,0.6967334053661834,0.11584452021031907,0.6321174903168336,0.0
0.0935,0.012024415649724247,0.0,0.0,0.1658028185684257,0.6949550925469159,0.10827552332162384,0.6277904177477573,0.0
0.094,0.011969415649724247,0.0,0.0,0.16214230800680066,0.693319817970785,0.10122172347311471,0.6237890638021102,0.0
0.0945,0.011914415649724248,0.0,0.0,0.15856261187298964,0.6918162805035365,0.09464843983292474,0.6200911801493004,0.0
0.095,0.011859415649724247,0.0,0.0,0.15506194673082532,0.6904328362647789,0.08852280827722106,0.6166726845477233,0.0
0.0955,0.011804415649724247,0.0,0.0,0.15163858143622563,0.6891583016624879,0.0828140751196892,0.6135097542986045,0.0
0.096,0.011749415649724248,0.0,0.0,0.14829080921853666,0.6879819860410448,0.0774934946117146,0.6105790358604368,0.0
0.0965,0.011694415649724246,0.0,0.0,0.14501692520083637,0.6868929015451934,0.07253399801192725,0.6078557795888483,0.0
0.097,0.011639415649724247,0.0,0.0,0.14181533122566023,0.6858826010978218,0.06791105150306836,0.6053210388277195,0.0
0.0975,0.011584415649724247,0.0,0.0,0.13868443955671295,0.6849428905277083,0.06360167977970738,0.6029560710838575,0.0
0.098,0.011529415649724246,0.0,0.0,0.13562267139777434,0.6840657832588316,0.05958438943934619,0.6007422827685778,0.0
0.0985,0.011474415649724247,0.0,0.0,0.13262849606016994,0.6832444487927187,0.055839349025249035,0.5986636831174856,0.0
0.099,0.011419415649724247,0.0,0.0,0.1297004332234305,0.682473149051769,0.05234823316989855,0.5967067957075997,0.0
0.0995,0.011364415649724246,0.0,0.0,0.12683702430765673,0.6817465557254503,0.04909393478133321,0.5948589808295444,0.0
0.1,0.011309415649724245,0.0,0.0,0.12403681995617323,0.6810596168016619,0.04606045685183857,0.5931081278611892,0.0
0.1005,0.011346082316390912,0.0,0.0,0.1212984481544302,0.680408536272185,0.043233076323910984,0.5914451852492508,0.0
0.101,0.011382748983057578,0.0,0.0,0.11862054326064873,0.6797896192330627,0.04059797728845403,0.5898612481963721,0.0
0.1015,0.011419415649724245,0.0,0.0,0.11600176442614919,0.6791994994504649,0.03814225795449411,0.5883481553886709,0.0
0.10200000000000001,0.011456082316390911,0.0,0.0,0.11344079021963216,0.6786351449712437,0.0358538702950505,0.5868985198093857,0.0
0.10250000000000001,0.011492748983057579,0.0,0.0,0.11093636791329677,0.6780942447312343,0.03372165357939644,0.585506738899382,0.0
0.10300000000000001,0.011529415649724244,0.0,0.0,0.10848724784336959,0.6775745106257863,0.031735128216975696,0.5841672152071953,0.0
0.10350000000000001,0.011566082316390912,0.0,0.0,0.10609220505125809,0.6770738751800692,0.029884501895546776,0.58287487163513,0.0
0.10400000000000001,0.011602748983057578,0.0,0.0,0.10375001667677251,0.6765903685472259,0.028160599644524997,0.5816248411343232,0.0
0.10450000000000001,0.011639415649724245,0.0,0.0,0.10145954813849814,0.6761226065116446,0.026554934048903082,0.580413735948756,0.0
0.10500000000000001,0.01167608231639091,0.0,0.0,0.09921966485502022,0.6756692048577135,0.025059538335650763,0.5792381412894889,0.0
0.10550000000000001,0.011712748983057578,0.0,0.0,0.09702924290129099,0.6752288256684393,0.023666952087658323,0.5780947372931962,0.0
0.10600000000000001,0.011749415649724246,0.0,0.0,0.09488716904557402,0.674800235361085,0.02237019839093868,0.5769804523151771,0.0
0.10650000000000001,0.011786082316390912,0.0,0.0,0.09279237624128653,0.6743824193014304,0.021162783271922673,0.575892764560042,0.0
0.10700000000000001,0.011822748983057579,0.0,0.0,0.09074384410123386,0.6739745484138486,0.02003865950186119,0.5748296196721843,0.0
0.10750000000000001,0.011859415649724245,0.0,0.0,0.0887405522382214,0.6735757936227131,0.01899216089014236,0.5737889499638338,0.0
0.10800000000000001,0.011896082316390912,0.0,0.0,0.08678148549438928,0.673185344405313,0.018017986014682238,0.5727687235541044,0.0
0.10850000000000001,0.011932748983057578,0.0,0.0,0.08486567076899247,0.6728025362167214,0.017111201220386445,0.5717672787751602,0.0
0.10900000000000001,0.011969415649724246,0.0,0.0024730256155679775,0.08299215503598711,0.6724274035760975,0.016267232306006726,0.5707847762884125,0.0024730256155679775
0.10950000000000001,0.012006082316390911,0.0,0.14961864368226907,0.08116000437453248,0.6722368126298628,0.015489852457553892,0.5702851720198734,0.14961864368226907
0.11000000000000001,0.012042748983057579,0.0,0.36733008173476267,0.07936830549847586,0.6730741460344278,0.014809293589644217,0.5724779440355255,0.36733008173476267
0.11050000000000001,0.012079415649724246,0.0,0.42067470424563774,0.0776161652761658,0.6754537916172881,0.01423419301945313,0.5786790344976215,0.42067470424563774
0.11100000000000002,0.012116082316390912,0.0,0.424978117955447,0.07590271028762956,0.6781755521014908,0.01370545978209078,0.585716098939279,0.424978117955447
0.11150000000000002,0.01215274898305758,0.0,0.42137317249385625,0.07422708640771195,0.6809503637682637,0.013208645600666927,0.5928293184815869,0.42137317249385625
0.11200000000000002,0.012189415649724245,0.0,0.4167455373046215,0.07258845843391841,0.6837321864456004,0.012740199697305202,0.5998986804380781,0.4167455373046215
0.11250000000000002,0.012226082316390913,0.0,0.41214906843187593,0.07098600942173798,0.6865139709652603,0.01229828941704337,0.6069060384001215,0.41214906843187593
0.11300000000000002,0.012262748983057578,0.0,0.4077388599766855,0.06941894158112223,0.6892946569070093,0.011881402093146079,0.6138487590938677,0.4077388599766855
0.11350000000000002,0.012299415649724246,0.0,0.40353092007072383,0.06788646966398751,0.6920741164568799,0.011488137305511289,0.6207266009767554,0.40353092007072383
0.11400000000000002,0.012336082316390912,0.0,0.3995222406289641,0.06638783638247589,0.694852351149007,0.011117177782001934,0.6275396496028443,0.3995222406289641
0.11450000000000002,0.01237274898305758,0.0,0.3957085439909725,0.06492236252092663,0.6976293721742787,0.01076729514554969,0.6342880137131165,0.3957085439909725
0.11500000000000002,0.012409415649724245,0.0,0.3920828148525317,0.06348917205140447,0.7004052108282285,0.01043726854014429,0.6409718492044871,0.3920828148525317
0.11550000000000002,0.012446082316390912,0.0,0.38863843371249407,0.062087579934143496,0.7031798970012221,0.010125993154474672,0.6475913058231795,0.38863843371249407
0.11600000000000002,0.012482748983057578,0.0,0.38536895979983965,0.06071692771937697,0.7059534606068941,0.00983242665399239,0.6541465306837546,0.38536895979983965
0.11650000000000002,0.012519415649724246,0.0,0.3822681255066281,0.05937655695733816,0.7087259315588793,0.009555579206886388,0.6606376682150293,0.3822681255066281
0.11700000000000002,0.012556082316390913,0.0,0.37932982768449425,0.05806580919826032,0.7114973397708124,0.009294511344167705,0.6670648601627278,0.37932982768449425
0.11750000000000002,0.012592748983057579,0.0,0.37654811917640435,0.05678402599237673,0.7142677151563283,0.009048331864211653,0.6734282455920593,0.37654811917640435
0.11800000000000002,0.012629415649724246,0.0,0.3739172005836101,0.05553054888992064,0.7170370876290615,0.008816195785155898,0.6797279608902262,0.3739172005836101
0.11850000000000002,0.012666082316390912,0.0,0.37143138042412327,0.054304775594034696,0.7198054873306,0.008597314213161707,0.6859641402798298,0.37143138042412327
0.11900000000000002,0.01270274898305758,0.0,0.3690842470373668,0.053106044452027865,0.7225729505252121,0.00839092683225795,0.6921369288788544,0.3690842470373668
0.11950000000000002,0.012739415649724245,0.0,0.3668700697871456,0.05193371649957149,0.7253395095445654,0.008196318278278027,0.6982464599311204,0.3668700697871456
0.12000000000000002,0.012776082316390913,0.0,0.3647835221881074,0.050787249466595644,0.7281051946683739,0.008012829543724622,0.7042928593347085,0.3647835221881074
0.12050000000000002,0.012812748983057579,0.0,0.3628193872369237,0.049666101083030365,0.7308700361763509,0.007839835344503004,0.7102762502891253,0.3628193872369237
0.12100000000000002,0.012849415649724246,0.0,0.3609725505818867,0.048569729078805725,0.7336340643482103,0.0076767426758615285,0.7161967532973865,0.3609725505818867
0.12150000000000002,0.012886082316390914,0.0,0.35923799393315065,0.04749759118385179,0.7363973094636657,0.00752298940777958,0.7220544861680223,0.35923799393315065
0.12200000000000003,0.01292274898305758,0.0,0.357610788714049,0.0464491451280986,0.7391598018024307,0.007378042920743057,0.7278495640170111,0.357610788714049
0.12250000000000003,0.012959415649724247,0.0,0.35608608995312896,0.045423848641476236,0.741921571644219,0.007241398782620414,0.73358209926964,0.35608608995312896
0.12300000000000003,0.012996082316390913,0.0,0.3546595148934655,0.044421234437342055,0.7446826464520848,0.007112590829643106,0.7392521959091556,0.3546595148934655
0.12350000000000003,0.01303274898305758,0.0,0.3533261357715652,0.04344072732067244,0.7474430581973488,0.006991161167804591,0.744859964589169,0.3533261357715652
0.12400000000000003,0.013069415649724246,0.0,0.35208153136880666,0.04248180077508794,0.7502028356314797,0.006876683994538843,0.7504055066937858,0.35208153136880666
0.12450000000000003,0.013106082316390913,0.0,0.35092183668474425,0.041544016599499196,0.7529620038536347,0.006768768531191574,0.7558889138399535,0.35092183668474425
0.12500000000000003,0.013142748983057579,0.0,0.3498432392920647,0.040626936592816854,0.7557205879629709,0.006667044220402653,0.7613102754193735,0.3498432392920647
0.12550000000000003,0.013179415649724247,0.0,0.34884197540314804,0.03973012255395156,0.7584786130586455,0.006571159831075128,0.766669678599698,0.34884197540314804
0.12600000000000003,0.013216082316390912,0.0,0.34791432610133183,0.038853136281813944,0.7612361042398155,0.006480782591583167,0.771967208325679,0.34791432610133183
0.12650000000000003,0.01325274898305758,0.0,0.34705661373830893,0.03799553957531467,0.7639930866056379,0.006395597351254523,0.7772029473202643,0.34705661373830893
0.12700000000000003,0.013289415649724245,0.0,0.34626519849649556,0.03715689423336437,0.7667495852552699,0.006315305770076349,0.7823769760856456,0.34626519849649556
0.12750000000000003,0.013326082316390913,0.0,0.345536475117285,0.0363367620548737,0.7695056252878686,0.006239625536495194,0.7874893729042542,0.345536475117285
0.12800000000000003,0.01336274898305758,0.0,0.34486753130667075,0.03553477789211611,0.7722612268880595,0.006168297265645054,0.7925402048858724,0.34486753130667075
0.12850000000000003,0.013399415649724246,0.0,0.34425514230979604,0.034750474405196186,0.7750164127583876,0.006101064674725759,0.7975295418875832,0.34425514230979604
0.12900000000000003,0.013436082316390914,0.0,0.34369618736393964,0.033983424619091956,0.7777712050134492,0.006037689756500893,0.8024574507153023,0.34369618736393964
0.12950000000000003,0.01347274898305758,0.0,0.3431881325780166,0.03323328049209769,0.7805256215635602,0.005977954964438847,0.8073239888397536,0.3431881325780166
0.13000000000000003,0.013509415649724247,0.0,0.34272846266438683,0.03249969398250768,0.7832796803190362,0.005921654097321178,0.8121292121495234,0.34272846266438683
0.13050000000000003,0.013546082316390913,0.0,0.34231467921315983,0.031782317048616206,0.7860333991901931,0.005868591785984208,0.816873174951587,0.34231467921315983
0.13100000000000003,0.01358274898305758,0.0,0.3419442990512852,0.03108080164871755,0.7887867960873467,0.005818582997635907,0.8215559299718077,0.3419442990512852
0.13150000000000003,0.013619415649724246,0.0,0.3416148526853832,0.030394799741105993,0.7915398889208127,0.005771452557569913,0.8261775283554116,0.3416148526853832
0.13200000000000003,0.013656082316390913,0.0,0.3413238828292566,0.02972396328407582,0.794292695600907,0.005727034688068951,0.8307380196674355,0.3413238828292566
0.13250000000000003,0.013692748983057581,0.0,0.3410689430154036,0.029067944235921316,0.7970452340379452,0.00568517256426293,0.8352374518931504,0.3410689430154036
0.13300000000000003,0.013729415649724247,0.0,0.34084759629084593,0.028426394554936764,0.7997975221422432,0.005645717886683005,0.8396758714384576,0.34084759629084593
0.13350000000000004,0.013766082316390914,0.0,0.3406588255517054,0.027799083292722595,0.8025495672727564,0.005608538640385002,0.844053306463297,0.3406588255517054
0.13400000000000004,0.01380274898305758,0.0,0.3404998637104637,0.02718554667736741,0.8053013899162335,0.005573493669687948,0.8483698049257977,0.3404998637104637
0.13450000000000004,0.013839415649724247,0.0,0.34036915739047446,0.026585511472045898,0.8080530015332578,0.005540462723481841,0.8526253991184338,0.34036915739047446
0.13500000000000004,0.013876082316390913,0.0,0.3402651622330187,0.025998704948998263,0.8108044135529904,0.0055093318549388655,0.8568201202758885,0.3402651622330187
0.13550000000000004,0.01391274898305758,0.0,0.3401863380762017,0.025424854380464712,0.8135556374045925,0.0054799930995721256,0.8609539986255688,0.3401863380762017
0.13600000000000004,0.013949415649724246,0.0,0.3401311483727859,0.024863687038685446,0.8163066845172251,0.005452344200246466,0.8650270633877829,0.3401311483727859
0.13650000000000004,0.013986082316390914,0.0,0.3400980596424584,0.02431493019590067,0.8190575663200494,0.00542628834209485,0.8690393427759068,0.3400980596424584
0.13700000000000004,0.014022748983057581,0.0,0.34008554095837595,0.02377831112435059,0.8218082942422268,0.0054017338971782194,0.8729908639965407,0.34008554095837595
0.13750000000000004,0.014059415649724247,0.0,0.3400920634680243,0.023253557096275405,0.8245588797129181,0.005378594178717254,0.8768816532496546,0.3400920634680243
0.13800000000000004,0.014096082316390913,0.0,0.34011609994844105,0.022740395383915327,0.8273093341612844,0.005356787204716083,0.8807117357287242,0.34011609994844105
0.13850000000000004,0.01413274898305758,0.0,0.3401561243955613,0.022238553259510553,0.8300596690164871,0.005336235470790549,0.8844811356208563,0.3401561243955613
0.13900000000000004,0.014169415649724248,0.0,0.340211559361216,0.02174784930401314,0.8328098886188847,0.005316869978520557,0.888189866625481,0.340211559361216
0.13950000000000004,0.014206082316390914,0.0,0.3402809232386952,0.0212679314400418,0.835560004077771,0.005298617505992801,0.8918379509643892,0.3402809232386952
0.14000000000000004,0.014242748983057581,0.0,0.3403631500976199,0.020798563036246533,0.8383100233962564,0.005281414225858195,0.8954254058635234,0.3403631500976199
0.14050000000000004,0.014279415649724247,0.0,0.3404573548719839,0.02033953360360902,0.8410599532269863,0.005265200833799753,0.898952246127169,0.3404573548719839
0.14100000000000004,0.014316082316390914,0.0,0.3405626526670384,0.019890632653110946,0.8438098002226059,0.005249921137248599,0.9024184859739909,0.3405626526670384
0.14150000000000004,0.014352748983057582,0.0,0.34067815860847944,0.01945164969573398,0.8465595710357602,0.0052355219119976084,0.9058241390370803,0.34067815860847944
0.14200000000000004,0.014389415649724248,0.0,0.340802987703608,0.019022374242459804,0.8493092723190944,0.0052219527640580445,0.9091692183639966,0.340802987703608
0.14250000000000004,0.014426082316390913,0.0,0.3409362547140125,0.018602595804270098,0.8520589107252536,0.005209165996660163,0.9124537364168062,0.3409362547140125
0.14300000000000004,0.01446274898305758,0.0,0.3410770740398413,0.018192103892146545,0.8548084929068832,0.005197116482295491,0.9156777050721177,0.3410770740398413
0.14350000000000004,0.014499415649724248,0.0,0.34122455961577064,0.017790688017070812,0.8575580255166282,0.005185761539695666,0.9188411356211138,0.34122455961577064
0.14400000000000004,0.014536082316390914,0.0,0.341377824818529,0.017398137690024587,0.8603075152071336,0.005175060815640149,0.9219440387695791,0.341377824818529
0.14450000000000005,0.014572748983057581,0.0,0.34153598238609933,0.017014242421989546,0.8630569686310448,0.005164976171483037,0.9249864246379254,0.34153598238609933
0.14500000000000005,0.014609415649724247,0.0,0.3416989371739243,0.016638871262029228,0.8658063865236708,0.0051554739484114915,0.9279682964086622,0.3416989371739243
0.14550000000000005,0.014646082316390915,0.0,0.3418657486970727,0.0162717425541827,0.8685557759281127,0.005146517805968051,0.930889663832558,0.3418657486970727
0.14600000000000005,0.01468274898305758,0.0,0.3420358733295245,0.01591268580923988,0.8713051409206256,0.0051380767066020175,0.9337505329861598,0.3420358733295245
0.14650000000000005,0.014719415649724248,0.0,0.3422088249312265,0.015561539646699488,0.874054485145071,0.005130121502060695,0.9365509091517075,0.3422088249312265
0.14700000000000005,0.014756082316390914,0.0,0.34238411690636356,0.015218142686060239,0.8768038122453107,0.0051226245773526025,0.9392907972908453,0.34238411690636356
0.14750000000000005,0.014792748983057581,0.0,0.3425612621855029,0.014882333546820847,0.8795531258652062,0.005115559779704878,0.9419702020446286,0.3425612621855029
0.14800000000000005,0.014829415649724249,0.0,0.3427397732107906,0.014553950848480025,0.8823024296486189,0.00510890235015943,0.9445891277335268,0.3427397732107906
0.14850000000000005,0.014866082316390914,0.0,0.34291916192477423,0.014232833210536491,0.8850517272394107,0.005102628857753405,0.9471475783574287,0.34291916192477423
0.14900000000000005,0.01490274898305758,0.0,0.3430989397628544,0.013918819252488958,0.8878010222814431,0.005096717136228488,0.9496455575956431,0.3430989397628544
0.14950000000000005,0.014939415649724248,0.0,0.34327861764901346,0.01361174759383614,0.8905503184185777,0.0050911462232125036,0.9520830688069011,0.34327861764901346
0.15000000000000005,0.014976082316390915,0.0,0.34345770599513786,0.013311456854076757,0.8932996192946759,0.005085896301816064,0.9544601150293557,0.34345770599513786
0.15050000000000005,0.015012748983057581,0.0,0.34363572043790575,0.01301778704696458,0.8960489285109231,0.005080948672315911,0.9567766989450913,0.34363572043790575
0.15100000000000005,0.015049415649724248,0.0,0.3438127376190995,0.01273066728582944,0.8987982454905769,0.005076287373859623,0.9590328195368578,0.3438127376190995
0.15150000000000005,0.015086082316390914,0.0,0.3439880844842104,0.012449833342355797,0.9015475752343074,0.00507189360696624,0.9612284802310226,0.3439880844842104
0.15200000000000005,0.015122748983057582,0.0,0.3441615111141453,0.012175164165182531,0.9042969195909673,0.00506775234581626,0.9633636816008888,0.3441615111141453
0.15250000000000005,0.015159415649724249,0.0,0.344332767354691,0.011906538702948517,0.907046280409409,0.005063849345956337,0.9654384240570951,0.344332767354691
0.15300000000000005,0.015196082316390915,0.0,0.3445016028240081,0.011643835904292636,0.9097956595384856,0.0050601711086601985,0.9674527078476128,0.3445016028240081
0.15350000000000005,0.01523274898305758,0.0,0.34466776692130197,0.011386934717853764,0.9125450588270495,0.005056704846581546,0.969406533057743,0.34466776692130197
0.15400000000000005,0.015269415649724248,0.0,0.34483100883595463,0.011135714092270781,0.9152944801239532,0.005053438450673201,0.9712998996101145,0.34483100883595463
0.15450000000000005,0.015306082316390916,0.0,0.34499107755781677,0.010890052976182563,0.9180439252780497,0.005050360458346234,0.9731328072646804,0.34499107755781677
0.15500000000000005,0.015342748983057581,0.0,0.3451477218883801,0.01064983031822799,0.9207933961381913,0.005047460022842327,0.9749052556187141,0.3451477218883801
0.15550000000000005,0.015379415649724247,0.0,0.3453006904528132,0.01041492506704594,0.9235428945532309,0.005044726883792293,0.9766172441068065,0.3453006904528132
0.15600000000000006,0.015416082316390915,0.0,0.3454497317128769,0.01018521617127529,0.926292422372021,0.005042151338933261,0.9782687720008618,0.3454497317128769
0.15650000000000006,0.015452748983057582,0.0,0.34559459398075604,0.009960582579554917,0.9290419814434143,0.005039724216956834,0.9798598384100929,0.34559459398075604
0.15700000000000006,0.01548941564972425,0.0,0.3457350254337353,0.009740903240523702,0.9317915736162634,0.005037436851460278,0.9813904422810176,0.3457350254337353
0.15750000000000006,0.015526082316390915,0.0,0.3458709185304121,0.00952609044472457,0.9345411996681932,0.005035281450998228,0.9828605818364826,0.3458709185304121
0.15800000000000006,0.015562748983057581,0.0,0.34600223255289986,0.009316024892061226,0.9372908598812447,0.005033250261840088,0.9842702549822653,0.34600223255289986
0.15850000000000006,0.015599415649724249,0.0,0.34612869568991256,0.009110563591082445,0.9400405562516403,0.005031335703065192,0.9856194604215491,0.34612869568991256
0.15900000000000006,0.015636082316390916,0.0,0.34625018591118967,0.008909617153374964,0.942790289664345,0.0050295312115296075,0.9869081961732418,0.34625018591118967
0.15950000000000006,0.01567274898305758,0.0,0.34636658120915015,0.008713096190525516,0.9455400610043234,0.005027830566477536,0.9881364601783488,0.34636658120915015
0.16000000000000006,0.015709415649724248,0.0,0.34647775960767707,0.008520911314120834,0.9482898711565406,0.00502622787384192,0.9893042502999714,0.34647775960767707
0.16050000000000006,0.015746082316390915,0.0,0.3465835991708782,0.008332973135747655,0.9510397210059613,0.005024717551120424,0.9904115643233036,0.3465835991708782
0.16100000000000006,0.015782748983057582,0.0,0.3466839780122652,0.008149192266992712,0.9537896114375506,0.005023294312814859,0.9914583999556298,0.3466839780122652
0.16150000000000006,0.01581941564972425,0.0,0.34677877430415377,0.007969479319442743,0.9565395433362731,0.00502195315642193,0.9924447548263212,0.34677877430415377
0.16200000000000006,0.015856082316390914,0.0,0.3468678662870782,0.007793744904684478,0.9592895175870938,0.00502068934896303,0.9933706264868338,0.3468678662870782
0.16250000000000006,0.01589274898305758,0.0,0.3469511322797268,0.007621899634304656,0.9620395350749775,0.005019498414040676,0.9942360124107046,0.3469511322797268
0.16300000000000006,0.01592941564972425,0.0,0.3470284506886442,0.007453854119890009,0.9647895966848892,0.005018376119409023,0.9950409099935489,0.3470284506886442
0.16350000000000006,0.015966082316390916,0.0,0.34709970001857837,0.007289518973027273,0.9675397033017935,0.005017318465045878,0.9957853165530576,0.34709970001857837
0.16400000000000006,0.016002748983057584,0.0,0.3471647588827176,0.007128804805303182,0.9702898558106555,0.00501632167171348,0.9964692293289934,0.3471647588827176
0.16450000000000006,0.016039415649724248,0.0,0.34722369322778834,0.006971705387196182,0.9730400537103066,0.005015382757112408,0.9970926451842274,0.34722369322778834
0.16500000000000006,0.016076082316390915,0.0,0.34727633782710804,0.006818043373755063,0.9757902982124345,0.005014497688686305,0.9976555613574286,0.34727633782710804
0.16550000000000006,0.016112748983057583,0.0,0.3473226094538002,0.006667737884579307,0.9785405899225651,0.005013663347261065,0.9981579748765139,0.3473226094538002
0.16600000000000006,0.016149415649724247,0.0,0.34736245256584325,0.006520725691619088,0.9812909292424147,0.005012876896392603,0.9985998826855507,0.34736245256584325
0.16650000000000006,0.016186082316390914,0.0,0.3473958117864783,0.006376943566824576,0.9840413165736996,0.005012135646170519,0.9989812816931966,0.3473958117864783
0.16700000000000007,0.016222748983057582,0.0,0.34742263190909606,0.006236328282145941,0.9867917523181362,0.005011437046592528,0.9993021687726982,0.34742263190909606
0.16750000000000007,0.01625941564972425,0.0,0.3474428579024124,0.006098816609533354,0.9895422368774407,0.0050107786811761255,0.9995625407618898,0.3474428579024124
0.16800000000000007,0.016296082316390917,0.0,0.3474564349155629,0.005964345320936986,0.9922927706533294,0.005010158260802801,0.9997623944631913,0.3474564349155629
0.16850000000000007,0.01633274898305758,0.0,0.3474633082832753,0.005832851188307009,0.9950433540475186,0.005009573617790042,0.999901726643607,0.3474633082832753
0.16900000000000007,0.01636941564972425,0.0,0.3474634235312249,0.005704270983593592,0.9977939874617248,0.005009022700186253,0.9999805340347239,0.3474634235312249
0.16950000000000007,0.016406082316390916,0.0,0.34745672638101016,0.005578541478746907,1.000544671297664,0.005008503566283697,0.99999881333271,0.34745672638101016
0.17000000000000007,0.016442748983057583,0.0,0.34744316275573356,0.005455599445717124,1.0032954059570525,0.0050080143793444715,0.9999565611983129,0.34744316275573356
0.17050000000000007,0.01647941564972425,0.0,0.3474226787851151,0.005335381656454414,1.0060461918416068,0.00500755340253451,0.999853774256858,0.3474226787851151
0.17100000000000007,0.016516082316390915,0.0,0.34739522081099933,0.0052178248829089485,1.0087970293530433,0.005007118994060547,0.9996904490982468,0.34739522081099933
0.17150000000000007,0.016552748983057582,0.0,0.3473607353928876,0.005102865897030897,1.011547918893078,0.005006709602504977,0.9994665822769556,0.3473607353928876
0.17200000000000007,0.01658941564972425,0.0,0.3473191693131611,0.004990441470770432,1.0142988608634274,0.005006323762353482,0.9991821703120334,0.3473191693131611
0.17250000000000007,0.016626082316390917,0.0,0.3472704695827504,0.004880488376077724,1.0170498556658076,0.005005960089710343,0.9988372096871005,0.3472704695827504
0.17300000000000007,0.016662748983057585,0.0,0.34721470725241405,0.004773013222432176,1.019800902785267,0.005005617541222024,0.9984316969955536,0.34721470725241405
0.17350000000000007,0.01669941564972425,0.0,0.34715179160422244,0.0046678819375685675,1.0225520029061528,0.005005294598324047,0.9979656286596835,0.34715179160422244
0.17400000000000007,0.016736082316390916,0.0,0.3470816944284331,0.004565046448168403,1.025303156251782,0.0050049901525076055,0.9974390011347917,0.3470816944284331
0.17450000000000007,0.016772748983057584,0.0,0.3470043937351387,0.0044644636184353916,1.0280543630011438,0.005004703170385558,0.9968518108664002,0.3470043937351387
0.17500000000000007,0.016809415649724248,0.0,0.34691986776942646,0.004366090312573244,1.0308056233332274,0.005004432671900088,0.9962040542842052,0.34691986776942646
0.17550000000000007,0.016846082316390915,0.0,0.3468280950140868,0.00426988339478567,1.0335569374270217,0.005004177727914344,0.9954957278020758,0.3468280950140868
0.17600000000000007,0.016882748983057583,0.0,0.3467290541918031,0.0041757997292763815,1.0363083054615156,0.005003937457890184,0.9947268278180531,0.3467290541918031
0.17650000000000007,0.01691941564972425,0.0,0.34662272426791163,0.004083796180249088,1.0390597276156983,0.005003711027650331,0.9938973507143498,0.34662272426791163
0.17700000000000007,0.016956082316390918,0.0,0.3465090844528368,0.0039938296119075,1.0418112040685588,0.005003497647223188,0.9930072928573493,0.3465090844528368
0.17750000000000007,0.016992748983057582,0.0,0.3463881142046398,0.003905856888455328,1.044562734999086,0.005003296568768581,0.992056650597605,0.3463881142046398
0.17800000000000007,0.01702941564972425,0.0,0.3462597932317866,0.0038198348740962826,1.047314320586269,0.005003107084582625,0.9910454202698391,0.3462597932317866
0.17850000000000008,0.017066082316390917,0.0,0.3461241014953622,0.0037357204330340744,1.0500659610090965,0.005002928525179926,0.9899735981929425,0.3461241014953622
0.17900000000000008,0.017102748983057584,0.0,0.34598101921183794,0.0036534704294724127,1.0528176564465581,0.005002760257451288,0.9888411806699734,0.34598101921183794
0.17950000000000008,0.01713941564972425,0.0,0.34583052685568905,0.00357304172761501,1.0555694070776425,0.005002601682895108,0.987648163988157,0.34583052685568905
0.18000000000000008,0.017176082316390916,0.0,0.3456726051618624,0.0034943911916655744,1.0583212130813389,0.005002452235920609,0.9863945444188843,0.3456726051618624
0.18050000000000008,0.017212748983057583,0.0,0.3455072351286215,0.0034174756858278174,1.061073074636636,0.005002311382221051,0.9850803182177116,0.3455072351286215
0.18100000000000008,0.01724941564972425,0.0,0.34533439801975085,0.0033422520743054494,1.0638249919225231,0.005002178617215107,0.9837054816243594,0.34533439801975085
0.18150000000000008,0.017286082316390915,0.0,0.345180451645483,0.003268711193402329,1.066576769247527,0.0050020535310930404,0.9822701351862462,0.345180451645483
0.18200000000000008,0.017322748983057582,0.0,0.34500261525879267,0.003196789404553576,1.0693287242741438,0.0050019356301607846,0.980774111962079,0.34500261525879267
0.18250000000000008,0.01735941564972425,0.0,0.34478935421034224,0.003126436709560518,1.0720809428424096,0.005001824475419008,0.9792173507157971,0.34478935421034224
0.18300000000000008,0.017396082316390917,0.0,0.34455075685048314,0.003057623785659208,1.0748333502131682,0.005001719689917108,0.9775998787834933,0.34455075685048314
0.18350000000000008,0.017432748983057585,0.0,0.3442969013024269,0.002990321310085698,1.0775858716472637,0.00500162091622932,0.9759217300829373,0.3442969013024269
0.18400000000000008,0.01746941564972425,0.0,0.34403785248934665,0.002924499960076041,1.0803384324055396,0.005001527815561338,0.9741829451144821,0.34403785248934665
0.18450000000000008,0.017506082316390916,0.0,0.343783660628557,0.0028601304128662896,1.0830909577488403,0.005001440066890293,0.9723835709615217,0.343783660628557
0.18500000000000008,0.017542748983057584,0.0,0.34354436119326237,0.0027971833456924954,1.0858433729380095,0.005001357366137293,0.9705236612905033,0.34354436119326237
0.18550000000000008,0.01757941564972425,0.0,0.34332997634133244,0.002735629435790713,1.088595603233891,0.005001279425371676,0.9686032763504918,0.34332997634133244
0.18600000000000008,0.01761608231639092,0.0,0.34315051781176714,0.002675439360396993,1.0913475738973288,0.005001205972046214,0.9666224829722881,0.3431123286181216
0.18650000000000008,0.017652748983057583,0.0,0.3430159912881192,0.002616583796747389,1.094099210189167,0.005001136748262423,0.9645813545670999,0.34284636682424213
0.18700000000000008,0.01768941564972425,0.0,0.34293640222965915,0.002559033422077954,1.096850437370249,0.005001071510065211,0.9624799711247659,0.3425416952741305
0.18750000000000008,0.017726082316390918,0.0,0.34292176316930517,0.002502758913624739,1.099601180701419,0.005001010026766052,0.9603184192115332,0.3422083782133063
0.18800000000000008,0.01776274898305758,0.0,0.3429821024793481,0.0024477309486237984,1.102351365443521,0.005000952080293923,0.9580967919673872,0.34185650589436317
0.18850000000000008,0.017799415649724253,0.0,0.34312747460455273,0.0023939202043111838,1.1051009168573989,0.005000897464573196,0.9558151891029365,0.34149620480524945
0.18900000000000008,0.017836082316390917,0.0,0.3433679717618308,0.0023412973579229482,1.1078497602038964,0.005000845984927743,0.9534737168958483,0.34113764936343005
0.18950000000000009,0.017872748983057584,0.0,0.3437137371084093,0.002289833086695144,1.1105978207438576,0.005000797457510474,0.9510724881868382,0.34079107507785167
0.19000000000000009,0.01790941564972425,0.0,0.3441598886126861,0.002239516551154001,1.1133451359649222,0.005000751728983435,0.9486115206123732,0.3404516684156792
0.19050000000000009,0.017946082316390916,0.0,0.3446758855195798,0.0021903251968732433,1.116091934268183,0.005000708641276564,0.9460906511914875,0.3400888876790475
0.1910000000000001,0.017982748983057583,0.0,0.3452764460939614,0.0021422019172826073,1.118838107532026,0.005000668009046238,0.9435100167928265,0.33971754394265496
0.1915000000000001,0.01801941564972425,0.0,0.3459614851449747,0.002095127339054057,1.1215836580181995,0.005000629696593888,0.9408696564116541,0.33933761481715324
0.1920000000000001,0.018056082316390918,0.0,0.34673094691237566,0.002049082088859559,1.1243285879884517,0.005000593575110313,0.9381696088351913,0.3389491070220238
0.1925000000000001,0.018092748983057585,0.0,0.3475848046968843,0.002004046793371078,1.1270728997045312,0.0050005595223722304,0.9354099126427287,0.3385520560161025
0.1930000000000001,0.01812941564972425,0.0,0.3485230604924591,0.00196000207926058,1.129816595428186,0.005000527422449185,0.9325906062057387,0.33814652563002845
0.1935000000000001,0.018166082316390917,0.0,0.3495457446195998,0.00191692857320003,1.1325596774211646,0.005000497165420635,0.9297117276879872,0.3377326076997188
0.1940000000000001,0.018202748983057584,0.0,0.3506529153598878,0.0018748069018613943,1.135302147945215,0.005000468647103046,0.9267733150456446,0.3373104217010816
0.1945000000000001,0.018239415649724252,0.0,0.35184465859213354,0.0018336176919166375,1.1380440092620858,0.005000441768786786,0.9237754060273966,0.3368801143863343
0.1950000000000001,0.01827608231639092,0.0,0.3531210874298698,0.0017933415700377257,1.140785263633525,0.005000416436982655,0.9207180381745556,0.33644185942166843
0.1955000000000001,0.018312748983057583,0.0,0.3544823418597802,0.0017539591628966242,1.1435259133212812,0.005000392563177822,0.9176012488211683,0.3359958570258473
0.1960000000000001,0.01834941564972425,0.0,0.35592858838223385,0.0017154510971652984,1.1462659605871024,0.005000370063601012,0.9144250750941288,0.3355423336109113
0.1965000000000001,0.01838608231639092,0.0,0.3574600196522064,0.0016777979995157139,1.1490054076927372,0.00500034885899669,0.9111895539132847,0.33508154142326707
0.1970000000000001,0.018422748983057582,0.0,0.3590768541223607,0.0016409804966198362,1.1517442568999336,0.005000328874408087,0.9078947219915477,0.33461375818693684
0.1975000000000001,0.01845941564972425,0.0,0.3607793356871342,0.0016049792151496306,1.15448251047044,0.005000310038968828,0.9045406158350017,0.3341392867478135
0.1980000000000001,0.018496082316390917,0.0,0.36256773332800984,0.001569774781777063,1.1572201706660046,0.0050002922857029656,0.9011272717430096,0.3336584547190981
0.1985000000000001,0.018532748983057585,0.0,0.3644423407603968,0.0015353478231740984,1.159957239748376,0.0050002755513332085,0.8976547258083223,0.33317161412834706
0.1990000000000001,0.018569415649724252,0.0,0.36640347608191076,0.0015016789660127028,1.1626937199793022,0.005000259776097132,0.8941230139171856,0.332679141065919
0.1995000000000001,0.018606082316390916,0.0,0.3684514814216026,0.0014687488369648414,1.1654296136205313,0.005000244903571158,0.8905321717494469,0.3321814353343675
0.2000000000000001,0.018642748983057584,0.0,0.37058273010190557,0.0014365668729342512,1.1681649515472616,0.00500023089535043,0.8868821962844285,0.33167489953335244
0.2005000000000001,0.01867941564972425,0.0,0.37279852918756956,0.0014050870133860119,1.1708997292064052,0.005000217686342581,0.8831731302287096,0.3311609017761086
0.2010000000000001,0.01871608231639092,0.0,0.3750992760087852,0.0013742914071143378,1.1736339487547203,0.005000205229826276,0.8794050073593727,0.33063989400785176
0.2015000000000001,0.018752748983057586,0.0,0.3774848727708831,0.0013441675892551556,1.1763676160131946,0.005000193484173178,0.8755778560872893,0.3301118287780037
0.2020000000000001,0.01878941564972425,0.0,0.37995523550880494,0.0013147030949443922,1.1791007368028155,0.005000182409872763,0.8716917043067545,0.32957667166660004
0.2025000000000001,0.018826082316390918,0.0,0.38251029324704783,0.001285885459317974,1.1818333169445705,0.005000171969438702,0.8677465793957415,0.32903440044462995
0.2030000000000001,0.018862748983057585,0.0,0.3851499871684358,0.0012577022175118279,1.1845653622594472,0.005000162127318471,0.8637425082161561,0.32848500424319954
0.2035000000000001,0.01889941564972425,0.0,0.3878742697919941,0.001230140904661881,1.187296878568433,0.005000152849806102,0.8596795171140866,0.3279284827317939
0.2040000000000001,0.018936082316390917,0.0,0.39068310415965174,0.00120318905590406,1.1900278716925157,0.005000144104958058,0.8555576319200512,0.32736484530536203
0.2045000000000001,0.018972748983057584,0.0,0.3935764630315842,0.0011768342063742917,1.1927583474526826,0.005000135862512126,0.8513768779492435,0.32679411028003824
0.2050000000000001,0.019009415649724252,0.0,0.3965543280909017,0.0011510638912085025,1.1954883116699213,0.005000128093809319,0.8471372800017748,0.326216304098206
0.2055000000000001,0.01904608231639092,0.0,0.3996166891569801,0.0011258656455426198,1.1982177701652195,0.005000120771718675,0.8428388623629129,0.3256314605421996
0.2060000000000001,0.019082748983057583,0.0,0.40276354340765325,0.0011012270045125702,1.200946728759564,0.005000113870564935,0.8384816488033207,0.32503961995686204
0.2065000000000001,0.01911941564972425,0.0,0.4059948946104182,0.0010771355032542802,1.2036751932739433,0.005000107366058998,0.8340656625792873,0.3244408284811119
0.2070000000000001,0.01915608231639092,0.0,0.4093107523625047,0.001053578676903677,1.2064031695293445,0.0050001012352311296,0.8295909264329628,0.32383513728837243
0.2075000000000001,0.019192748983057586,0.0,0.41271113133988235,0.0010305440605966872,1.209130663346755,0.005000095456366811,0.8250574625925851,0.32322260183593166
0.2080000000000001,0.019229415649724253,0.0,0.41619605055497794,0.0010080191894692378,1.2118576805471624,0.005000090008945211,0.820465292772706,0.3226032811230083
0.2085000000000001,0.019266082316390917,0.0,0.4197655326236371,0.0009859915986572551,1.2145842269515543,0.005000084873580182,0.8158144381744153,0.3219772369580607
0.2090000000000001,0.019302748983057585,0.0,0.42341960304083653,0.0009644488232966665,1.2173103083809182,0.005000080031963727,0.8111049194855608,0.3213445332348395
0.2095000000000001,0.019339415649724252,0.0,0.4271582894649073,0.0009433783985233986,1.2200359306562418,0.005000075466811871,0.8063367568809662,0.32070523521694655
0.2100000000000001,0.019376082316390916,0.0,0.4309811078291311,0.0009227966995329178,1.22276110300897,0.005000071168932098,0.8015099639449083,0.3200588899992645
0.2105000000000001,0.019412748983057587,0.0,0.43488793136296866,0.0009026607269703032,1.2254858322503552,0.005000067114902211,0.7966245578174587,0.31940540481149027
0.2110000000000001,0.01944941564972425,0.0,0.4388787903310684,0.0008829600751306409,1.2282101241383294,0.00500006329075151,0.7916805569630732,0.318744844808759
0.2115000000000001,0.01948608231639092,0.0,0.4429536955558226,0.0008636870597993912,1.2309339845534863,0.005000059683868934,0.7866779791130005,0.31807725470476045
0.2120000000000001,0.019522748983057586,0.0,0.4471126561213671,0.0008448339967620141,1.23365741937642,0.005000056282277725,0.7816168414814071,0.3174026766751497
0.2125000000000001,0.01955941564972425,0.0,0.451355678711815,0.0008263932018039696,1.236380434487724,0.00500005307460781,0.7764971607655792,0.3167211496960928
0.2130000000000001,0.01959608231639092,0.0,0.45568276695841864,0.000808356990710718,1.2391030357679922,0.00500005005006913,0.771318953146121,0.31603270889173496
0.2135000000000001,0.019632748983057585,0.0,0.46009392079529016,0.000790717679267719,1.2418252290978187,0.005000047198425855,0.76608223428715,0.3153373848902239
0.2140000000000001,0.019669415649724253,0.0,0.4645891358254529,0.0007734675832604331,1.244547020357797,0.0050000445099715116,0.7607870193364927,0.3146352031900627
0.2145000000000001,0.01970608231639092,0.0,0.46916840269456905,0.0007565990184743201,1.247268415428521,0.005000041975504976,0.7554333229258735,0.3139261835341297
0.2150000000000001,0.019742748983057584,0.0,0.4738317064746351,0.00074010430069484,1.2499894201905848,0.005000039586307342,0.750021159171101,0.31321033929366526
0.2155000000000001,0.01977941564972425,0.0,0.4785790260566859,0.0007239757457074531,1.252710040524582,0.005000037334119621,0.7445505416722566,0.31248767686126255
0.2160000000000001,0.01981608231639092,0.0,0.483410333552132,0.0007082056692976194,1.2554302823111063,0.005000035211121279,0.7390214835138741,0.31175819505248636
0.2165000000000001,0.019852748983057583,0.0,0.4883255937035461,0.0006927863872507988,1.2581501514307518,0.005000033209909578,0.7334339972651196,0.31102188451693635
0.2170000000000001,0.019889415649724254,0.0,0.49332476330470515,0.0006777102153524517,1.2608696537641124,0.005000031323479711,0.7277880949799684,0.31027872715856375
0.2175000000000001,0.019926082316390918,0.0,0.498407790628964,0.0006629694693880379,1.2635887951917815,0.005000029545205715,0.7220837881973803,0.3095286955643134
0.2180000000000001,0.019962748983057586,0.0,0.5035746148677152,0.0006485564651430175,1.2663075815943534,0.005000027868822137,0.7163210879414672,0.3087717524428472
0.2185000000000001,0.019999415649724253,0.0,0.5088251655771385,0.0006344635184028506,1.2690260188524218,0.005000026288406433,0.7105000047216654,0.3080078500715565
0.2190000000000001,0.020036082316390917,0.0,0.5141593621344969,0.0006206829449529975,1.2717441128465803,0.005000024798362098,0.7046205485329001,0.3072369297531139
0.2195000000000001,0.020072748983057588,0.0,0.5195771132031762,0.000607207060578918,1.274461869457423,0.005000023393402488,0.698682728855746,0.3064589212807607
0.2200000000000001,0.020109415649724252,0.0,0.525078316207021,0.000594028181066072,1.2771792945655438,0.005000022068535321,0.69268655465659,0.3056737424128969
0.2205000000000001,0.02014608231639092,0.0,0.5306628568139282,0.00058113862219992,1.2798963940515362,0.005000020819047858,0.6866320343877886,0.3048812983569136
0.2210000000000001,0.020182748983057587,0.0,0.5363306084279647,0.0005685306997659219,1.2826131737959943,0.005000019640492705,0.6805191759878206,0.3040814812615502
0.2215000000000001,0.02021941564972425,0.0,0.542083196905019,0.0005562220704652471,1.2853296292194332,0.00500001853137527,0.6743480107580031,0.3032759603614661
0.22200000000000011,0.02025608231639092,0.0,0.5479189760218447,0.0005441780806531881,1.2880457751733922,0.0050000174846777,0.6681185256190383,0.3024630855337305
0.22250000000000011,0.020292748983057586,0.0,0.5538379449993829,0.0005323928486186292,1.29076161659326,0.0050000164968765,0.6618307292642962,0.3016428748722434
0.22300000000000011,0.020329415649724254,0.0,0.559840186461656,0.0005208619489493406,1.2934771578659805,0.0050000155647748285,0.6554846312436254,0.3008154305956613
0.22350000000000012,0.02036608231639092,0.0,0.5659257740257839,0.0005095809562330929,1.2961924033784973,0.005000014685334507,0.6490802407234781,0.29998084532273356
0.22400000000000012,0.020402748983057585,0.0,0.5720947719585437,0.0004985454450576565,1.2989073575177539,0.005000013855669236,0.6426175664870146,0.2991392017290233
0.22450000000000012,0.020439415649724253,0.0,0.5783472348380733,0.00048775099001080186,1.3016220246706942,0.005000013073038025,0.6360966169342046,0.2982905722087676
0.22500000000000012,0.02047608231639092,0.0,0.5846832072205371,0.0004771931656802995,1.304336409224262,0.00500001233483884,0.6295174000819301,0.297435018541703
0.22550000000000012,0.020512748983057584,0.0,0.5911027233121675,0.00046686754665391976,1.3070505155654006,0.005000011638602471,0.6228799235640866,0.2965725915652625
0.22600000000000012,0.020549415649724255,0.0,0.5976058066459062,0.0004567697075194331,1.3097643480810541,0.005000010981986606,0.6161841946316782,0.2957033308513635
0.22650000000000012,0.02058608231639092,0.0,0.6041924697634191,0.00044689522286461,1.312477911158166,0.005000010362770113,0.6094302201529175,0.29482726438858115
0.22700000000000012,0.020622748983057586,0.0,0.6108627139021227,0.00043723966727722097,1.31519120918368,0.005000009778847529,0.6026180066133189,0.29394440826931306
0.22750000000000012,0.020659415649724254,0.0,0.617616528687126,0.0004277986153450363,1.3179042465445399,0.005000009228223747,0.5957475601157937,0.29305476638187317
0.22800000000000012,0.020696082316390918,0.0,0.6244538918283677,0.00041856764165582646,1.3206170276276892,0.0050000087090088935,0.5888188863807424,0.29215833010776865
0.22850000000000012,0.02073274898305759,0.0,0.631374768822951,0.000409542320797362,1.3233295568200716,0.005000008219413408,0.5818319907461444,0.2912550780241756
0.22900000000000012,0.020769415649724253,0.0,0.6383791126617305,0.0004007182273574134,1.3260418385086312,0.005000007757743298,0.5747868781676466,0.29034497561066264
0.22950000000000012,0.02080608231639092,0.0,0.6454668635424197,0.00039209093592375093,1.3287538770803113,0.0050000073223955875,0.5676835532186542,0.2894279749624358
0.23000000000000012,0.020842748983057588,0.0,0.6526379485863365,0.0003836560210841451,1.3314656769220556,0.0050000069118539365,0.5605220200904137,0.2885040145072179
0.23050000000000012,0.020879415649724252,0.0,0.659892281560718,0.00037540905742636645,1.334177242420808,0.005000006524684443,0.5533022825920979,0.2875730187276892
0.23100000000000012,0.02091608231639092,0.0,0.6672297626066741,0.00036734561953818533,1.3368885779635122,0.005000006159531603,0.5460243441508901,0.28663489788957597
0.23150000000000012,0.020952748983057587,0.0,0.6746502779711354,0.00035946128200737225,1.3395996879371117,0.00500000581511445,0.5386882078120654,0.2856895477737207
0.23200000000000012,0.02098941564972425,0.0,0.6821536997444808,0.0003517516194216976,1.3423105767285504,0.005000005490222849,0.5312938762390689,0.2847368494138322
0.23250000000000012,0.021026082316390922,0.0,0.6897398856035685,0.0003442122063689318,1.3450212487247717,0.005000005183713949,0.5238413517135969,0.28377666883964203
0.23300000000000012,0.021062748983057586,0.0,0.6974086785585932,0.0003368386174368454,1.3477317083127196,0.005000004894508783,0.5163306361356708,0.2828088568238766
0.23350000000000012,0.021099415649724253,0.0,0.7051599067065246,0.0003296264272132088,1.3504419598793378,0.005000004621589028,0.5087617310237145,0.28183324863581244
0.23400000000000012,0.02113608231639092,0.0,0.7129933829885183,0.00032257121028579237,1.3531520078115697,0.005000004363993901,0.501134637514628,0.28084966379880566
0.23450000000000013,0.021172748983057585,0.0,0.7209112739819274,0.0003156720174276388,1.3558618443232897,0.0050000041209622035,0.49344939101930685,0.2798603150994087
0.23500000000000013,0.021209415649724256,0.0,0.7289124778166837,0.00030892398534204674,1.3585714785186953,0.005000003891606671,0.48570597917166736,0.2788640915514213
0.23550000000000013,0.02124608231639092,0.0,0.7369968115199249,0.00030232393298639833,1.3612809146496896,0.005000003675157987,0.47790440283953484,0.2778608161995125
0.23600000000000013,0.021282748983057587,0.0,0.7451642916506774,0.0002958689812961644,1.3639901558825491,0.005000003470898735,0.47004466568239034,0.2768505147444168
0.23650000000000013,0.021319415649724255,0.0,0.7534149240228519,0.00028955625120681566,1.3666992053835507,0.0050000032781485826,0.4621267710842899,0.27583320171575026
0.23700000000000013,0.02135608231639092,0.0,0.7617487035445055,0.00028338286365382293,1.3694080663189714,0.005000003096262593,0.4541507221539137,0.27480888031134565
0.23750000000000013,0.021392748983057586,0.0,0.7701656140602102,0.000277345939572657,1.372116741855088,0.005000002924629586,0.44611652172461547,0.27377754223970147
0.23800000000000013,0.021429415649724254,0.0,0.7786656281948613,0.0002714425998987887,1.374825235158177,0.005000002762670576,0.43802417235446955,0.2727391675638574
0.23850000000000013,0.021466082316390918,0.0,0.7872487072012074,0.00026566996556768875,1.3775335493945153,0.005000002609837249,0.42987367632631623,0.2716937245490012
0.23900000000000013,0.02150274898305759,0.0,0.7959148008096566,0.000260025157514828,1.3802416877303798,0.005000002465610519,0.4216650356478093,0.2706411695123424
0.23950000000000013,0.021539415649724253,0.0,0.8046638470800751,0.00025450529667567717,1.3829496533320476,0.005000002329499127,0.4133982520514584,0.26958144667498063
0.24000000000000013,0.02157608231639092,0.0,0.8134957722577061,0.0002491075039857071,1.385657449365795,0.005000002201038299,0.40507332699467724,0.268514488017896
0.24050000000000013,0.021612748983057588,0.0,0.8224104906301302,0.0002438289003803886,1.388365078997899,0.005000002079788462,0.3966902616598228,0.2674402131389739
0.24100000000000013,0.021649415649724252,0.0,0.8314079043875964,0.00023866660679519244,1.3910725453946364,0.00500000196533401,0.38824905695424017,0.26635852911339986
0.24150000000000013,0.021686082316390923,0.0,0.8404882620962099,0.0002336182135747239,1.393779850015705,0.005000001857294044,0.3797497188864354,0.26526969540576406
0.24200000000000013,0.021722748983057587,0.0,0.8496516179401254,0.00022868103178590163,1.3964869952192032,0.0050000017553008215,0.37119225048819027,0.2641737734824089
0.24250000000000013,0.021759415649724254,0.0,0.858897887283642,0.00022385264947176692,1.399193983975536,0.0050000016590131795,0.36257665263095784,0.26307068332168504
0.24300000000000013,0.021796082316390922,0.0,0.8682270632298978,0.00021913081806283467,1.40190081883648,0.005000001568111815,0.3539029272742672,0.26196042386341356
0.24350000000000013,0.021832748983057586,0.0,0.8776391290254774,0.00021451328898961967,1.404607502353812,0.005000001482294164,0.3451710761560399,0.26084298384809723
0.24400000000000013,0.021869415649724253,0.0,0.8871340579584986,0.0002099978136826368,1.4073140370793087,0.0050000014012736215,0.3363811007926222,0.2597183417150595
0.24450000000000013,0.02190608231639092,0.0,0.8967118132576892,0.00020558214357240093,1.4100204255647468,0.005000001324778784,0.32753300247881567,0.2585864655015676
0.24500000000000013,0.021942748983057588,0.0,0.9063723479936726,0.00020126403008942682,1.412726670361903,0.005000001252552729,0.3186267822879082,0.25744731274416555
0.24550000000000013,0.021979415649724256,0.0,0.9161156049817432,0.0001970412246642294,1.415432774022554,0.005000001184352315,0.30966244107170204,0.2563008303814941
0.24600000000000014,0.02201608231639092,1.0,0.9259502560840174,0.0030605774774986215,1.4181386994744194,0.005007781862979864,0.30064011200736473,0.25515585549934283
0.24650000000000014,0.022052748983057587,1.0,0.940334081266896,0.014985293432516204,1.4208243695632965,0.006269042339359623,0.29162739992661624,0.25855265729984755
0.24700000000000014,0.022089415649724255,1.0,0.9830860466439796,0.02676737408305499,1.4233847948288751,0.013159083650649672,0.28298126203084517,0.290746870033176
0.24750000000000014,0.02212608231639092,1.0,1.0865994595806574,0.03840852536239056,1.4256913446070991,0.03071187453538452,0.2751475165063999,0.3846799167386986
0.24800000000000014,0.02216274898305759,1.0,1.2764176047457843,0.04991043306098541,1.427679477416425,0.06298358042263041,0.26836105838725455,0.5661874300914771
0.24850000000000014,0.022199415649724254,1.0,1.5563865282573068,0.061274762569723175,1.4294025237607324,0.11177907298500285,0.26245389035165456,0.838914252683063
0.24900000000000014,0.02223608231639092,1.0,1.9089225922800412,0.07250316000717939,1.4309831688770454,0.1759276134365738,0.25701403257880084,1.1847744319194542
0.24950000000000014,0.02227274898305759,1.0,2.321571759703335,0.08359725068675579,1.432494467315855,0.25149922782153195,0.25179414296469915,1.5910116913034515
0.25,0.022309415649724246,1.0,2.7713127775026347,0.0945586413593461,1.4340142933190285,0.3330111979480506,0.24652637277913714,2.034276120089566
